{"Janak Puri West": [28.6289502, 77.0779235], "Janak Puri East": [28.63305, 77.08669], "Uttam Nagar West": [28.62481, 77.0653], "Dabri Mor - Janakpuri South": [28.6157555, 77.085178]}