{"Shastri Nagar": [28.66999, 77.18169], "Inderlok Conn:Red": [28.67319, 77.16994], "Pratap Nagar": [28.66662, 77.19882], "Kanhaiya Nagar": [28.68254, 77.16459], "Satguru Ram Singh Marg": [28.66199, 77.15748]}